space,K,WCSS,Silhouette_native,Silhouette_common,smallest_cluster_fraction,seconds
non_PCA,1,7952.000000000005,,,1.0,0.015031099988846108
non_PCA,2,5742.852221983286,0.2745894351351632,0.2745894351351632,0.3782696177062374,0.13245990002178587
non_PCA,3,4668.45164528425,0.27864373418788435,0.27864373418788435,0.17002012072434608,0.14780499998596497
non_PCA,4,3876.055976425601,0.25329075425559877,0.25329075425559877,0.14285714285714285,0.1457319000037387
non_PCA,5,3434.2770785848684,0.23232217750342085,0.23232217750342085,0.06388329979879276,0.16492400001152419
non_PCA,6,3133.7748249074316,0.2271374294612242,0.2271374294612242,0.041750503018108655,0.18369350000284612
non_PCA,7,2876.664207614913,0.21016474601462387,0.21016474601462387,0.03621730382293763,0.18659379999735393
non_PCA,8,2668.527795736518,0.21007344468368325,0.21007344468368325,0.03722334004024145,0.2007560000056401
non_PCA,9,2498.5949826326796,0.20927369425092515,0.20927369425092515,0.035211267605633804,0.19404589998885058
non_PCA,10,2365.2374762446225,0.20719825381432386,0.20719825381432386,0.030181086519114688,0.1923611000238452
PCA,1,7951.999999999999,,,1.0,0.008346099988557398
PCA,2,5742.8522219832785,0.2745894351351633,0.2745894351351632,0.3782696177062374,0.12078800000017509
PCA,3,4668.451645284248,0.27864373418788435,0.27864373418788435,0.17002012072434608,0.13615499998559244
PCA,4,3876.055976425599,0.2532907542555988,0.25329075425559877,0.14285714285714285,0.1335485999879893
PCA,5,3434.277078584868,0.23232217750342085,0.23232217750342085,0.06388329979879276,0.14776499997242354
PCA,6,3133.7748249074316,0.22713742946122423,0.2271374294612242,0.041750503018108655,0.16750809998484328
PCA,7,2876.664207614913,0.2101647460146239,0.21016474601462387,0.03621730382293763,0.18030259999795817
PCA,8,2668.5277957365142,0.21007344468368325,0.21007344468368325,0.03722334004024145,0.18667540000751615
PCA,9,2498.594982632679,0.20927369425092512,0.20927369425092515,0.035211267605633804,0.18742050000582822
PCA,10,2365.2374762446216,0.20719825381432386,0.20719825381432386,0.030181086519114688,0.19606049999129027
